School,EMIS CODE,Province,DIST_EN,DIST_PCODE,Address,Local Level,Latitude,Longitude,Date,Program,Partner,OLPC Laptops,RPI Computers,Offline Server,Network Cable (mtr),Wireless Router,Switch,Power strip,Desks/ benches,Flex,Pen drive,SD Card Reader,Inverter,Solar panel,Battery,Teachers Trained
Tyadi Basic School,,,BAJHANG,NP0767,Koldhunga, Bhairabnath ,Kedarseu Rural Municipality,,,2019,DL 2019 Far West ,UN WFP,36,0.0,1,,2,1,16,15,2,1,0.0,,,,
Kalika Bhagwati Basic School,,,BAJHANG,NP0767,Malla Bhatada, Deulekh ,Bithadchir Rural Municipality,,,2019,DL 2019 Far West ,UN WFP,30,0.0,1,,2,1,14,13,2,1,0.0,,,,
Sidhiganesh Basic School,,,BAJHANG,NP0767,Bakhet, Baanjh ,Kedarseu Rural Municipality,,,2019,DL 2019 Far West ,UN WFP,19,0.0,1,,1,1,9,8,2,1,0.0,,,,
Shiv Bhawani Basic School,,,BAJHANG,NP0767,Talla Bhatada, Deulekh ,Bithadchir Rural Municipality,,,2019,DL 2019 Far West ,UN WFP,29,0.0,1,,2,1,12,11,2,1,0.0,,,,
Bhumiraj Basic School,,,BAJHANG,NP0767,Suwakot, Sunkuda ,Bithadchir Rural Municipality,,,2019,DL 2019 Far West ,UN WFP,35,0.0,1,,2,1,14,13,2,1,0.0,,,,
Bhumiraj Basic School,,,BAJHANG,NP0767,Udi, Sunkuda ,Bithadchir Rural Municipality,,,2019,DL 2019 Far West ,UN WFP,21,0.0,1,,2,1,9,8,2,1,0.0,,,,
Bhairav Basic School,,,BAJHANG,NP0767,Damaune, Khriratadi ,Bungal Municipality,,,2019,DL 2019 Far West ,UN WFP,17,0.0,1,,1,1,8,7,2,1,0.0,,,,
Deepjyoti Basic School,,,BAJHANG,NP0767,Komalpur, Deulikot ,Bungal Municipality,,,2019,DL 2019 Far West ,UN WFP,19,0.0,1,,1,1,8,7,2,1,0.0,,,,
Manakamana Basic School,,,BAJHANG,NP0767,Malla Gaun, Syadi,Bithadchir Rural Municipality,,,2019,DL 2019 Far West ,UN WFP,29,0.0,1,,2,1,12,11,2,1,0.0,,,,
Aishwarya Basic School,,,BAJHANG,NP0767,Moyal, Parakatne ,Thalara Rural Municipality,,,2019,DL 2019 Far West ,UN WFP,16,0.0,1,,1,1,8,7,2,1,0.0,,,,
Kedar Namuna Basic School,,,BAJHANG,NP0767,Khulmore,Bithadchir Rural Municipality,,,2019,DL 2019 Far West ,UN WFP,21,0.0,1,20,2,1,8,7,2,1,0.0,4,2,,
Chirasaini Basic School,,,BAJHANG,NP0767,Mantola,Bithadchir Rural Municipality,,,2019,DL 2019 Far West ,UN WFP,19,0.0,1,10,1,1,8,7,2,1,0.0,4,2,,
Masta Basic School,,,BAJHANG,NP0767,Padpakha,Bithadchir Rural Municipality,,,2019,DL 2019 Far West ,UN WFP,26,0.0,1,20,2,1,10,9,2,1,0.0,,,,
Kalika Basic School,,,BAJHANG,NP0767,Gobindadhar,Bithadchir Rural Municipality,,,2019,DL 2019 Far West ,UN WFP,42,0.0,1,20,2,1,15,14,2,1,0.0,,,,
Bhawaneshwori Basic School,,,BAJHANG,NP0767,Khiratadi,Bungal Municipality,,,2019,DL 2019 Far West ,UN WFP,17,0.0,1,10,1,1,7,6,2,1,0.0,4,2,,
Janachetana Basic School,,,BAJHANG,NP0767,Singhechula,Kedarseu Rural Municipality,,,2019,DL 2019 Far West ,UN WFP,12,0.0,1,10,1,1,5,4,2,1,0.0,4,2,,
Saraswoti Basic School,,,BAJHANG,NP0767,Binada,Kedarseu Rural Municipality,,,2019,DL 2019 Far West ,UN WFP,23,0.0,1,20,2,1,9,8,2,1,0.0,4,2,,
Janachetana Basic School,,,BAJHANG,NP0767,Deura,Kedarseu Rural Municipality,,,2019,DL 2019 Far West ,UN WFP,40,0.0,1,20,2,1,15,14,2,1,0.0,6,4,,
Navaratna Basic School,,,BAJHANG,NP0767,Parakatne, Kuch,Thalara Rural Municipality,,,2019,DL 2019 Far West ,UN WFP,32,0.0,1,20,2,1,12,11,2,1,0.0,6,4,,
Bhawani Basic School,,,BAJHANG,NP0767,Luyata,JayaPrithivi Municipality,,,2019,DL 2019 Far West ,UN WFP,27,0.0,1,20,2,1,10,9,2,1,0.0,4,1,1,
Janajagriti Basic School,,,BAJHANG,NP0767,Bhandar,JayaPrithivi Municipality,,,2019,DL 2019 Far West ,UN WFP,10,0.0,1,10,1,1,5,4,2,1,0.0,,1,1,
Durgadevi Basic School,,,BAJHANG,NP0767,Kotdewal,Masta Rural Municipality,,,2019,DL 2019 Far West ,UN WFP,19,0.0,1,10,1,1,8,7,2,1,0.0,4,2,,
Balbikas Basic School,,,BAJHANG,NP0767,Khetkot,Masta Rural Municipality,,,2019,DL 2019 Far West ,UN WFP,19,0.0,1,10,1,1,8,7,2,1,0.0,4,2,,
Nawayug Basic School,,,BAJHANG,NP0767,Shankarkhola,Bungal Municipality,,,2019,DL 2019 Far West ,UN WFP,27,0.0,1,15,2,1,10,9,2,1,0.0,,6,12,
Latinath Basic School,,,BAJHANG,NP0767,Lungada,Bungal Municipality,,,2019,DL 2019 Far West ,UN WFP,22,0.0,1,15,2,1,9,8,2,1,0.0,,4,12,
Dandabag Basic School,,,BAJHANG,NP0767,Patharkot,Bungal Municipality,,,2019,DL 2019 Far West ,UN WFP,27,0.0,1,15,2,1,10,9,2,1,0.0,,4,12,
Janajagriti Basic School,,,BAJHANG,NP0767,Bhaudar,Bungal Municipality,,,2019,DL 2019 Far West ,UN WFP,18,0.0,1,15,1,1,7,6,2,1,0.0,,4,12,
Dhaulapur Basic School,,,BAJHANG,NP0767,Rujkot,Bungal Municipality,,,2019,DL 2019 Far West ,UN WFP,29,0.0,1,15,2,1,11,10,2,1,0.0,,6,12,
Kalika Bhairab Basic School,,,BAJHANG,NP0767,Regam,Thalara Rural Municipality,,,2019,DL 2019 Far West ,UN WFP,26,0.0,1,15,2,1,10,9,2,1,0.0,1,,1,
Janata Basic School,,,BAJHANG,NP0767,Tedimandu,Thalara Rural Municipality,,,2019,DL 2019 Far West ,UN WFP,22,0.0,1,15,2,1,9,8,2,1,0.0,1,,1,
Kalika Basic School,,,BAJHANG,NP0767,Agra,Masta Rural Municipality,,,2019,DL 2019 Far West ,UN WFP,25,0.0,1,15,2,1,10,9,2,1,0.0,1,,1,
Yuwabarsha Basic School,,,BAJHANG,NP0767,Bhulgaun,Masta Rural Municipality,,,2019,DL 2019 Far West ,UN WFP,11,0.0,1,15,1,1,5,4,2,1,0.0,,4,12,
Adarsha Basic School,,,BAJHANG,NP0767,Basti,JayaPrithivi Municipality,,,2019,DL 2019 Far West ,UN WFP,12,0.0,1,15,1,1,5,4,2,1,0.0,1,,1,
Amrit Basic School,,,BAJHANG,NP0767,Kotigaun,Kedarseu Rural Municipality,,,2019,DL 2019 Far West ,UN WFP,14,0.0,1,15,1,1,6,5,2,1,0.0,,4,12,
Janajariti Basic School,,,BAJHANG,NP0767,Chaudalli,Kedarseu Rural Municipality,,,2019,DL 2019 Far West ,UN WFP,16,0.0,1,15,1,1,7,6,2,1,0.0,,,,
Bhubaneshowri Basic School,,,BAJHANG,NP0767,Sudada,Kedarseu Rural Municipality,,,2019,DL 2019 Far West ,UN WFP,26,0.0,1,15,2,1,10,9,2,1,0.0,,6,12,
Mahadev Basic School,,,BAJHANG,NP0767,Raikushi,Bithadchir Rural Municipality,,,2019,DL 2019 Far West ,UN WFP,38,0.0,1,15,2,1,14,13,2,1,0.0,,,,
Sarada Basic School,,,BAJHANG,NP0767,Khiratadi,Bungal Municipality,,,2019,DL 2019 Far West ,UN WFP,20,0.0,1,15,1,1,8,7,2,1,0.0,,4,12,
Bhagawati Basic School,,,BAJHANG,NP0767,Lugada,Talkot Rural Municipality,,,2019,DL 2019 Far West ,UN WFP,12,0.0,1,15,1,1,5,4,2,1,0.0,1,,1,
Khapardev Basic School,,,BAJHANG,NP0767,Ragada,Talkot Rural Municipality,,,2019,DL 2019 Far West ,UN WFP,14,0.0,1,15,1,1,6,5,2,1,0.0,1,,1,
Kalika Basic School,,,BAJHANG,NP0767,Melbisauna,Talkot Rural Municipality,,,2019,DL 2019 Far West ,UN WFP,17,0.0,1,15,1,1,7,6,2,1,0.0,1,,1,
Bathpala Basic School,,,BAJHANG,NP0767,Bhaktapur,Talkot Rural Municipality,,,2019,DL 2019 Far West ,UN WFP,12,0.0,1,15,1,1,5,4,2,1,0.0,1,,1,
Bhawani Basic School,,,BAJHANG,NP0767,Melata,Talkot Rural Municipality,,,2019,DL 2019 Far West ,UN WFP,10,0.0,1,15,1,1,5,4,2,1,0.0,1,,1,
Janachetana Basic School,,,BAITADI,NP0774,Gangapur,Melauli Municipality,,,2019,DL 2019 Far West ,UN WFP,28,0.0,1,15,2,0,12,10,2,1,0.0,1,12,4,
Singapur Basic School,,,BAITADI,NP0774,Sungada,Melauli Municipality,,,2019,DL 2019 Far West ,UN WFP,22,0.0,1,15,1,0,10,8,2,1,0.0,1,10,4,
Chaturbhuj Basic School,,,BAITADI,NP0774,Dankhola,Patan Municipality,,,2019,DL 2019 Far West ,UN WFP,9,0.0,1,15,1,0,5,3,2,1,0.0,1,8,2,
Bhuwaneshwor Basic School,,,BAITADI,NP0774,Ladauli,Patan Municipality,,,2019,DL 2019 Far West ,UN WFP,12,0.0,1,15,1,0,6,4,2,1,0.0,1,8,2,
Gopanchal Basic School,,,BAITADI,NP0774,Jhusil,Melauli Municipality,,,2019,DL 2019 Far West ,UN WFP,12,0.0,1,15,1,0,6,4,2,1,0.0,1,8,2,
Netra Jyoti Basic School,,,BAITADI,NP0774,Sitapur,Melauli Municipality,,,2019,DL 2019 Far West ,UN WFP,18,0.0,1,15,1,0,8,6,2,1,0.0,1,10,4,
Chandanpur Basic School,,,BAITADI,NP0774,Gajari,Melauli Municipality,,,2019,DL 2019 Far West ,UN WFP,21,0.0,1,15,1,0,9,7,2,1,0.0,1,10,4,
Laxmipur Basic School,,,BAITADI,NP0774,Puchkora,Melauli Municipality,,,2019,DL 2019 Far West ,UN WFP,21,0.0,1,15,1,0,9,7,2,1,0.0,1,10,4,
Saraswati Basic School,,,BAITADI,NP0774,Pokhari,Melauli Municipality,,,2019,DL 2019 Far West ,UN WFP,27,0.0,1,15,2,0,11,9,2,1,0.0,1,12,4,
Nagarchan Basic School,,,BAITADI,NP0774,Bajuwagada,Pancheshwar Rural Municipality,,,2019,DL 2019 Far West ,UN WFP,20,0.0,1,15,1,0,9,7,2,1,0.0,1,10,4,
Latinath Basic School,,,BAITADI,NP0774,Salleligaun,Purchaudi Municipality,,,2019,DL 2019 Far West ,UN WFP,23,0.0,1,15,1,0,10,8,2,1,0.0,1,10,4,
Nanigad Basic School,,,BAITADI,NP0774,Nanigad,Dasharathchanda Municipality,,,2019,DL 2019 Far West ,UN WFP,36,0.0,1,15,2,0,14,12,2,1,0.0,1,0,2,
Chamalpur Basic School,,,BAITADI,NP0774,Balara,Pancheshwar Rural Municipality,,,2019,DL 2019 Far West ,UN WFP,14,0.0,1,15,1,0,7,5,2,1,0.0,1,8,2,
Ganai Raj Basic School,,,BAITADI,NP0774,Chauk,Dogadakedar Rural Municipality,,,2019,DL 2019 Far West ,UN WFP,11,0.0,1,15,1,0,6,4,2,1,0.0,1,8,2,
Beureshwor Basic School,,,BAITADI,NP0774,Rapana,Purchaudi Municipality,,,2019,DL 2019 Far West ,UN WFP,38,0.0,1,15,2,0,15,13,2,1,0.0,1,12,4,
Sautimandu Basic School,,,DOTI,NP0770,Sukati,Bogtan Foodsil Rural Municipality,,,2019,DL 2019 Far West ,UN WFP,21,0.0,1,5,1,,8,7,2,1,0.0,1,Local level,2,
Gurudev Basic School,,,DOTI,NP0770,Damauli,Bogtan Foodsil Rural Municipality,,,2019,DL 2019 Far West ,UN WFP,24,0.0,1,5,1,,9,8,2,1,0.0,1,Local level,4,
Nawaduraga Basic School,,,DOTI,NP0770,Dauda,Bogtan Foodsil Rural Municipality,,,2019,DL 2019 Far West ,UN WFP,19,0.0,1,5,1,,8,7,2,1,0.0,1,Local level,2,
Betaleshowar Basic School,,,DOTI,NP0770,Jajala,Bogtan Foodsil Rural Municipality,,,2019,DL 2019 Far West ,UN WFP,17,0.0,1,5,1,,7,6,2,1,0.0,1,Local level,2,
Mahunyaal Basic School,,,DOTI,NP0770,Dumari,Bogtan Foodsil Rural Municipality,,,2019,DL 2019 Far West ,UN WFP,19,0.0,1,5,1,,8,7,2,1,0.0,1,Local level,2,
Sitaram Bs,,,DOTI,NP0770,Dalla,K I Singh Rural Municipality,,,2019,DL 2019 Far West ,UN WFP,19,0.0,1,5,1,,8,7,2,1,0.0,1,National grid,2,
Gangardev Basic School,,,DOTI,NP0770,Basarkot,K I Singh Rural Municipality,,,2019,DL 2019 Far West ,UN WFP,35,0.0,1,10,2,,13,12,2,1,0.0,1,Yes,6,
Krishananagar Basic School,,,DOTI,NP0770,Barpata,Shikhar Municipality,,,2019,DL 2019 Far West ,UN WFP,15,0.0,1,5,1,,6,5,2,1,0.0,1,National grid,2,
Akhandajyoti Basic School,,,DOTI,NP0770,Amdora,Shikhar Municipality,,,2019,DL 2019 Far West ,UN WFP,14,0.0,1,5,1,,6,5,2,1,0.0,1,National grid,2,
Saddikashaya Basic School,,,DOTI,NP0770,Kimada,Shikhar Municipality,,,2019,DL 2019 Far West ,UN WFP,12,0.0,1,5,1,,5,4,2,1,0.0,1,Yes,2,
Kalika Basic School,,,DOTI,NP0770,khatiwoda,Dipayal,Silgadhi NP,,,2019,DL 2019 Far West ,UN WFP,15,0.0,1,5,1,,6,8,2,1,0.0,1,National grid,2,
Kaladunga Basic School,,,DOTI,NP0770,Daud,Sayal Rural Municipality,,,2019,DL 2019 Far West ,UN WFP,33,0.0,1,10,2,,12,11,2,1,0.0,1,Local level,4,
Bhawani Aquire Basic School,,,DOTI,NP0770,Toleni,Sayal Rural Municipality,,,2019,DL 2019 Far West ,UN WFP,24,0.0,1,5,1,,9,8,2,1,0.0,1,Local level,4,
Deiukhola Basic School,,,DOTI,NP0770,Khatiwoda,Sayal Rural Municipality,,,2019,DL 2019 Far West ,UN WFP,20,0.0,1,5,1,,8,10,2,1,0.0,1,National grid,2,
Bhairab Basic School,,,DOTI,NP0770,Vadisen,Adharsha Rural Municipality,,,2019,DL 2019 Far West ,UN WFP,31,0.0,1,10,2,,12,11,2,1,0.0,1,Yes,6,
Durga Basic School,,,DOTI,NP0770,Banjh-Kakani, Bel,Adharsha Rural Municipality,,,2019,DL 2019 Far West ,UN WFP,NA,0.0,NA,NA,NA,NA,NA,NA,NA,NA,0.0,NA,NA,NA,
Mahadev Basic School,,,DOTI,NP0770,Dukrala,Adharsha Rural Municipality,,,2019,DL 2019 Far West ,UN WFP,NA,0.0,NA,NA,NA,NA,NA,NA,NA,NA,0.0,NA,NA,NA,
Saraswoti Basic School,,,DOTI,NP0770,Banjh-Kakani, Chasi,Adharsha Rural Municipality,,,2019,DL 2019 Far West ,UN WFP,NA,0.0,NA,NA,NA,NA,NA,NA,NA,NA,0.0,NA,NA,NA,
Janata Basic School,,,,DADELDHURA,NP0773,Koral,Ganyapdhura Gaunpalika,,,2019,DL 2019 Far West ,UN WFP,NA,0.0,NA,NA,NA,NA,NA,NA,NA,NA,0.0,NA,NA,NA,
Janjyoti Secondary School,,,DADELDHURA,NP0773,Hamtad,Alital Rural Municipality,,,2019,DL 2019 Far West ,UN WFP,NA,0.0,NA,NA,NA,NA,NA,NA,NA,NA,0.0,NA,NA,NA,
Samaijee Basic School,,,DADELDHURA,NP0773,Haat,Ajaymeru Rural Municipality,,,2019,DL 2019 Far West ,UN WFP,NA,0.0,NA,NA,NA,NA,NA,NA,NA,NA,0.0,NA,NA,NA,
Saraswati Basic School,,,DADELDHURA,NP0773,Kapadi Gaon, Kailpalmandu,Ganayapdhura Rural Municipality,,,2019,DL 2019 Far West ,UN WFP,NA,0.0,NA,NA,NA,NA,NA,NA,NA,NA,0.0,NA,NA,NA,
Selaling Basic School,,,DADELDHURA,NP0773,Budum, Alital,Alital Rural Municipality,,,2019,DL 2019 Far West ,UN WFP,NA,0.0,NA,NA,NA,NA,NA,NA,NA,NA,0.0,NA,NA,NA,
Kalika Basic School,,,JAJARKOT,NP0660,Nalgad-2, Gari,Nalagad Municipality,28.79168,82.27909,2019,DL 2019 Far West ,UN WFP,30,0.0,1,NA,2,NA,10,9,NA,1,0.0,NA,NA,NA,
Bhanubhakta Basic School,,,JAJARKOT,NP0660,Nalgad-4, Laha,Nalagad Municipality,,,2019,DL 2019 Far West ,UN WFP,30,0.0,1,NA,2,NA,11,12,NA,1,0.0,NA,NA,NA,
Ganesh Basic School,,,JAJARKOT,NP0660,Nalgad-5, Labisha,Nalagad Municipality,28.86821,82.2737,2019,DL 2019 Far West ,UN WFP,15,0.0,1,NA,1,NA,7,6,NA,1,0.0,NA,NA,NA,
Tribhuvan Basic School,,,JAJARKOT,NP0660,Nalgad-7, Dalli,Nalagad Municipality,28.790979,82.301124,2019,DL 2019 Far West ,UN WFP,25,0.0,1,NA,2,NA,12,13,NA,1,0.0,NA,NA,NA,
Lekbashi Basic School,,,JAJARKOT,NP0660,Nalgad-8, Manmai,Nalagad Municipality,,,2019,DL 2019 Far West ,UN WFP,22,0.0,1,NA,2,NA,10,9,NA,1,0.0,NA,NA,NA,
Mahadev Basic School,,,JAJARKOT,NP0660,Nalgad-9, Gharanga,Nalagad Municipality,28.85767,82.40931,2019,DL 2019 Far West ,UN WFP,26,0.0,1,NA,2,NA,10,10,NA,1,0.0,NA,NA,NA,
Deurali Basic School,,,JAJARKOT,NP0660,Kushe-4, Archhani,Kuse Rural Municipality,28.85452,82.12623,2019,DL 2019 Far West ,UN WFP,27,0.0,1,NA,2,NA,8,8,NA,1,0.0,NA,NA,NA,
Himalaya Bhanubhakta Basic School,,,JAJARKOT,NP0660,Kushe-4 Tangachaur,Kuse Rural Municipality,28.83803,82.124041,2019,DL 2019 Far West ,UN WFP,9,0.0,1,NA,1,NA,6,5,NA,1,0.0,NA,NA,NA,
Kalika Basic School,,,JAJARKOT,NP0660,Kushe-5, Jahargaun,Kuse Rural Municipality,28.854774,82.169187,2019,DL 2019 Far West ,UN WFP,16,0.0,1,NA,1,NA,6,5,NA,1,0.0,NA,NA,NA,
Ramchandra Basic School,,,JAJARKOT,NP0660,Kushe-5, Panchkattya,Kuse Rural Municipality,28.78159,82.17859,2019,DL 2019 Far West ,UN WFP,27,0.0,1,NA,2,NA,10,9,NA,1,0.0,NA,NA,NA,
Putali Basic School,,,JAJARKOT,NP0660,Kushe-6, Chharagaun,Kuse Rural Municipality,,,2019,DL 2019 Far West ,UN WFP,31,0.0,1,NA,2,NA,12,11,NA,1,0.0,NA,NA,NA,
Malika Basic School,,,JAJARKOT,NP0660,Kushe-8 Chhera,Kuse Rural Municipality,28.89513,82.17146,2019,DL 2019 Far West ,UN WFP,19,0.0,1,NA,1,NA,7,7,NA,1,0.0,NA,NA,NA,
Durgeshwori Basic School,,,JAJARKOT,NP0660,Marma-5, Baraun,Marma Rural Municipality,29.75048,80.76484,2019,DL 2019 Far West ,UN WFP,16,0.0,1,,1,,7,6,2,1,0.0,1,Local level,2,
Hatinath Basic School,,,JAJARKOT,NP0660,Marma-4, Marmati,Marma Rural Municipality,29.73942,80.75424,2019,DL 2019 Far West ,UN WFP,20,0.0,1,,1,,7,6,2,1,0.0,1,Local level,2,
Yuba barsha Basic School,,,JAJARKOT,NP0660,Marma-3, Sarsi,Marma Rural Municipality,29.72794,80.75969,2019,DL 2019 Far West ,UN WFP,13,0.0,1,,1,,8,7,2,1,0.0,1,Local level,2,
Bisheshwor Basic School,,,JAJARKOT,NP0660,Marma-3, Sallethum,Marma Rural Municipality,29.73168,80.74522,2019,DL 2019 Far West ,UN WFP,15,0.0,1,,1,,6,5,2,1,0.0,1,Local level,2,
Durgeshwori Basic School,,,JAJARKOT,NP0660,Marma-2, Thulthala,Marma Rural Municipality,29.74028,80.80193,2019,DL 2019 Far West ,UN WFP,19,0.0,1,,1,,6,5,2,1,0.0,1,Local level,2,
Dada Bagh Basic School,,,JAJARKOT,NP0660,Marma-1, Padi Ething,Marma Rural Municipality,29.75416,80.84306,2019,DL 2019 Far West ,UN WFP,14,0.0,1,,1,,6,5,2,1,0.0,1,Local level,2,
Himalya Basic School,,,JAJARKOT,NP0660,Tham,Marma Rural Municipality,29.75799,80.7728,2019,DL 2019 Far West ,UN WFP,18,0.0,1,,1,,8,7,2,1,0.0,1,Local level,2,
Dhrubatara Janahit Basic School,,,JAJARKOT,NP0660,Marma-6, Maure,Marma Rural Municipality,29.72859,80.69435,2019,DL 2019 Far West ,UN WFP,15,0.0,1,,1,,6,5,2,1,0.0,1,Local level,2,
Shailya Basic School,,,JAJARKOT,NP0660,Shailyashikhar-6, Ullani,Shailyashikhar Municipality,29.72751,80.50054,2019,DL 2019 Far West ,UN WFP,17,0.0,1,,1,,7,6,2,1,0.0,1,Local level,2,
Balichan Basic School,,,JAJARKOT,NP0660,Malikarjun-5, Maltadi,Malikaarjun Rural Municipality,29.70444,80.41611,2019,DL 2019 Far West ,UN WFP,14,0.0,1,,1,,6,5,2,1,0.0,1,Local level,2,
Sharda Basic School,,,JAJARKOT,NP0660,Malikarjun-8, Damalek,Malikaarjun Rural Municipality,29.74167,80.4075,2019,DL 2019 Far West ,UN WFP,13,0.0,1,,1,,6,5,2,1,0.0,1,Local level,2,
Bhagwati Basic School,,,JAJARKOT,NP0660,Duhu-4, Pokshe,Dunhu Rural Municipality,29.88444,80.59611,2019,DL 2019 Far West ,UN WFP,25,0.0,1,,1,,10,9,2,1,0.0,1,Local level,2,
Durga Bhawani Basic School,,,JAJARKOT,NP0660,Naugad-4, Danda,Naugad Rural Municipality,29.75976,80.6881,2019,DL 2019 Far West ,UN WFP,15,0.0,1,,1,,6,5,2,1,0.0,1,Local level,2,
Durga Bhawani Basic School,,,JAJARKOT,NP0660,Naugad-4 Ghorkatya,Naugad Rural Municipality,29.759916,80.688138,2019,DL 2019 Far West ,UN WFP,17,0.0,1,,1,,7,6,2,1,0.0,1,Local level,2,
Ganesh Basic School,,,JAJARKOT,NP0660,Naugad-3, Jyamire,Naugad Rural Municipality,29.761723,80.662363,2019,DL 2019 Far West ,UN WFP,12,0.0,1,,1,,5,4,2,1,0.0,1,Local level,2,
Bal Mandir Basic School,,,DOLPA,NP0662,Dunai, Thuli Bheri-3,Thuli Bheri Municipality,28.954582,82.893972,7-May-2023,Steam Ahead Dolpa with PLAN,PLAN, SAC Nepal, EU,0,10.0,1,0,1,0,8,4,1,0,2.0,1KVA,1KW,2,4.0
Vidya Mandir Secondary School,,,DOLPA,NP0662,Majhfal, Thuli Bheri-3,Thuli Bheri Municipality,28.938537,82.810604,8-May-2023,Steam Ahead Dolpa with PLAN,PLAN, SAC Nepal, EU,0,10.0,1,0,1,0,8,4,1,0,2.0,1KVA,1KW,2,4.0
Laxmi Secondary School,,,DOLPA,NP0662,Thar Gau, Thuli Bheri-8,Thuli Bheri Municipality,28.910762,82.811996,8-May-2023,Steam Ahead Dolpa with PLAN,PLAN, SAC Nepal, EU,0,10.0,1,0,1,0,8,4,1,0,2.0,1KVA,1KW,2,4.0
Jana Prabha Secondary School,,,DOLPA,NP0662,Liku, Tripura Sundari-2,Tripurasundari Municipality,29.041792,82.75229,10-May-2023,Steam Ahead Dolpa with PLAN,PLAN, SAC Nepal, EU,0,10.0,1,0,1,0,8,4,1,0,2.0,1KVA,1KW,2,4.0
Tripurakokt Secondary School,,,DOLPA,NP0662,Maddhu, Tripura Sundari-2,Tripurasundari Municipality,29.022364,82.82693,10-May-2023,Steam Ahead Dolpa with PLAN,PLAN, SAC Nepal, EU,0,10.0,1,0,1,0,8,4,1,0,2.0,1KVA,1KW,2,4.0
Tripura Secondary School,,,DOLPA,NP0662,Kathiya Chaur, Tripura Sundari-1,Tripurasundari Municipality,29.021939,82.793461,11-May-2023,Steam Ahead Dolpa with PLAN,PLAN, SAC Nepal, EU,0,10.0,1,0,1,0,8,4,1,0,2.0,1KVA,1KW,2,4.0
Aadarsha Secondary School,,,DOLPA,NP0662,Juphal, Thuli Bheri-1,Thuli Bheri Municipality,28.98328,82.82158,13-May-2023,Steam Ahead Dolpa with PLAN,PLAN, SAC Nepal, EU,0,10.0,1,0,1,0,8,4,1,0,2.0,1KVA,1KW,2,4.0
Shree Saraswati Secondary School,,,DOLPA,NP0662,Sun, Tripura Sundari-1,Tripurasundari Municipality,29.007355,82.788631,14-May-2023,Steam Ahead Dolpa with PLAN,PLAN, SAC Nepal, EU,0,10.0,1,0,1,0,8,4,1,0,2.0,1KVA,1KW,2,4.0
Shree Mukteshwar Secondary School,,,DOLPA,NP0662,Phulching, Tripura Sundari-6,Tripurasundari Municipality,29.011022,82.65377,14-May-2023,Steam Ahead Dolpa with PLAN,PLAN, SAC Nepal, EU,0,10.0,1,0,1,0,8,4,1,0,2.0,1KVA,1KW,2,4.0
Shuvakamana Basic School,,,DOLPA,NP0662,Rahagaon,Thuli Bheri Municipality,29.00695917,82.91920277,10-May-2023,Steam Ahead Dolpa with PLAN,PLAN, SAC Nepal, EU,0,10.0,1,0,1,0,8,4,1,0,2.0,1KVA,1KW,2,4.0
Tapriza Secondary School,,,DOLPA,NP0662,Saijal,Shey Phoksundo Rural Municipality,29.14206236,82.91003766,11-May-2023,Steam Ahead Dolpa with PLAN,PLAN, SAC Nepal, EU,0,10.0,1,0,1,0,8,4,1,0,2.0,1KVA,1KW,2,4.0
Araniko Secondary School,,,DOLPA,NP0662,Lingdo,Kaike Rural Municipality,28.88056372,82.99784514,13-May-2023,Steam Ahead Dolpa with PLAN,PLAN, SAC Nepal, EU,0,10.0,1,0,1,0,8,4,1,0,2.0,1KVA,1KW,2,4.0
Crystal Mountain Secondary School,,,DOLPA,NP0662,Dho-Tarap,Dolpo Buddha Rural Municipality,29.14554763,83.17626568,16-May-2023,Steam Ahead Dolpa with PLAN,PLAN, SAC Nepal, EU,0,10.0,1,0,1,0,8,4,1,0,2.0,1KVA,1KW,2,4.0
Dharmabhakta Basic School,,,DOLPA,NP0662,Namdo,Shey Phoksundo Rural Municipality,29.39032162,83.09959343,20-May-2023,Steam Ahead Dolpa with PLAN,PLAN, SAC Nepal, EU,0,10.0,1,0,1,0,8,4,1,0,2.0,1KVA,1KW,2,4.0
Chharkabhot Basic School,,,DOLPA,NP0662,Chharka,Chharka Tangsong Rural Municipality,29.09170469,83.41223785,22-May-2023,Steam Ahead Dolpa with PLAN,PLAN, SAC Nepal, EU,0,10.0,1,0,1,0,8,4,1,0,2.0,1KVA,1KW,2,4.0
Shree Balbinod Secondary School,,,LALITPUR,NP0325,M8F9+H8C, Nah-Tole, Lalitpur 44700,Lalitpur Metropolitan City,27.67415879,85.31830564,,ICT in Basic Education, Robotics Program, Tablets,KDDI Foundation,,,,,,,,,,,,,,,
Shree Harisiddhi Secondary School,,,LALITPUR,NP0325,J8QR+2QF, Harisiddhi Rd, Lalitpur 44700,Lalitpur Metropolitan City,27.637569,85.341907,,ICT in Basic Education, Robotics Program, Tablets,KDDI Foundation,,,,,,,,,,,,,,,
Hindu Vidyapeeth- Nepal, English Medium Residential High School,,,LALITPUR,NP0325,M8CQ+C5X, Balkumari Marg, Lalitpur 44700,Lalitpur Metropolitan City,27.67152588,85.33811855,,ICT in Basic Education, Robotics Program,KDDI Foundation,,,,,,,,,,,,,,,
Shree Mahalaxmi Secondary School,,,LALITPUR,NP0325,Nakhipot-14, Lalitpur 44700,Lalitpur Metropolitan City,27.651037,85.317766,,ICT in Basic Education, Robotics Program,KDDI Foundation,,,,,,,,,,,,,,,
Shree Prabhat Secondary School,,,LALITPUR,NP0325,M88J+X8H, ग्वार्को सडक, Lalitpur 44700,Lalitpur Metropolitan City,27.667622,85.330886,,ICT in Basic Education, Robotics Program, Tablets,KDDI Foundation,,,,,,,,,,,,,,,
Shree Sharmik Balbigyan Basic School,,,LALITPUR,NP0325,M8G7+QPR Lalitpur,Lalitpur Metropolitan City,27.676976,85.314276,,ICT in Basic Education, Robotics Program, Tablets,KDDI Foundation,,,,,,,,,,,,,,,
Shree Shram Jeet Kishor Secondary School,,,LALITPUR,NP0325,M88H+RPF, लुँखुसी, Lalitpur 44600,Lalitpur Metropolitan City,27.66709919,85.3293008,,ICT in Basic Education, Robotics Program,KDDI Foundation,,,,,,,,,,,,,,,
Shree Shreeshanti Bidyashram Secondary School,,,LALITPUR,NP0325,M8FH+C95, Khapinchhen Tole Rd, Lalitpur 44600,Lalitpur Metropolitan City,27.6736702,85.32836158,,ICT in Basic Education, Robotics Program,KDDI Foundation,,,,,,,,,,,,,,,
Shree Yasodhara Boudha Secondary School,,,LALITPUR,NP0325,Thaina, Lalitpur 44600,Lalitpur Metropolitan City,27.66937129,85.32650273,,ICT in Basic Education, Robotics Program, Tablets,KDDI Foundation,,,,,,,,,,,,,,,
Shree Lalit Kalyan Basic School,,,LALITPUR,NP0325,M8FJ+53V, Lonla Tole Marg, Lalitpur 44700,Lalitpur Metropolitan City,27.67315238,85.33023217,,Robotics Program,KDDI Foundation,,,,,,,,,,,,,,,
Shree Jalpa Secondary School,,,LALITPUR,NP0325,Bhagawati Marg, Lalitpur 44700,Lalitpur Metropolitan City,27.62744739,85.33220919,,ICT in Basic Education, Robotics Program, Tablets,KDDI Foundation,,,,,,,,,,,,,,,
Shree Namuna Machhindra Secondary School,,,LALITPUR,NP0325,Lagankhel Satdobato Rd, Lalitpur 44700,Lalitpur Metropolitan City,27.665636,85.323249,,Visually Impaired Support School,KDDI Foundation,,,,,,,,,,,,,,,
Shree Damkada Secondary School,,,,PALPA,NP0546,RHF9+P68, Tansen 32500,Tansen Municipality,27.82532662,83.56843292,,Visually Impaired Support School,KDDI Foundation,,,,,,,,,,,,,,,
Shree Panchodaya Secondary School,,,KAILALI,NP0771,PH7Q+F75 Dhangadhi,Dhangadhi Sub-Metropolitian City,28.71362705,80.58823052,,Visually Impaired Support School,KDDI Foundation,,,,,,,,,,,,,,,
Shree Shanti Namuna Secondary School,,,RUPANDEHI,NP0548,Manigram, Tillotama-5,Tillotama Municipality,27.62999051,83.46834627,,Visually Impaired Support School,KDDI Foundation,,,,,,,,,,,,,,,
Shree Purwanchal Gyanchakshu Vidyalaya,,,SUNSARI,NP0106,R72R+7P3, Gyan Chakshu Marg, Dharan 56700,Dharan Sub-Metropolitian City,26.80069367,87.2917965,,Visually Impaired Support School,KDDI Foundation,,,,,,,,,,,,,,,
Shree Navajyoti Deaf Secondary School,,,SINDHUPALCHOK,NP0323,Jasedamar, Kamalamai-6, 45900,Kamalamai Municipality,27.21712512,85.93037557,,Hearing Impaired Support School,KDDI Foundation,,,,,,,,,,,,,,,
Shrijana Residential Secondary School for the Deaf,,,KASKI,NP0439,53H2+V26, Arghaun-Khaste Road, Lekhnath 33700,Pokhara Metropolitian City,28.17982577,84.05003219,,Hearing Impaired Support School,KDDI Foundation,,,,,,,,,,,,,,,
Bashuki Secondary School,,,LALITPUR,NP0325,JC86+F8Q, Lamatar-LankuriBhanjyang Rd, Mahalaxmi 44709,Mahalaxmi Municipality,27.616353,85.410886,2008,,LGA,138,,,,,,,,,,,,,,8.0
Shree Bishwamitra Ganesh Secondary School,,,LALITPUR,NP0325,J9GC+7WF, Dharachour-Jyamirkot-Bishankhunarayan Rd, Mahalaxmi,Mahalaxmi Municipality,27.625881,85.372958,2008,,LGA,118,,,,,,,,,,,,,,8.0
Shree Janjyoti Basic School,,,DADELDHURA,NP0773,4CFX+JQX, Alital 10300,Alital Rural Municipality,29.124028,80.449278,2009,,WFP,156,,,,,,,,,,,,,,5.0
Janta Basic school,,,DADELDHURA,NP0773,8P2X+G8W, Seti Highway, Kailpalmandu 10800,Ganyapdhura,29.301278,80.748222,2009,,WFP,89,,,,,,,,,,,,,,5.0
Samaijee Basic School,,,DADELDHURA,NP0773,Haat,,29.31825,80.561389,2009,,WFP,86,,,,,,,,,,,,,,4.0
Nepal Rastra Ni.Ma.Bi.,,,KAPILBASTU,NP0549,Rajpur,Buddhabhumi,27.611518,83.009914,2009,,LGA,222,,,,,,,,,,,,,,8.0
Pancha Basic School,,,KAPILBASTU,NP0549,Baijalpur,Banganga,27.695331,83.199621,2009,,LGA,192,,,,,,,,,,,,,,8.0
Mahendra Basic School,,,KAPILBASTU,NP0549,Taulihawa,Kapilvastu,27.541389,83.054444,2009,,LGA,112,,,,,,,,,,,,,,5.0
Binayak Bal LSecondary School,,,KAVREPALANCHOK,NP0324,Badal Gaon,Dhulikhel,27.614444,85.588333,2009,,LGA,139,,,,,,,,,,,,,,9.0
Janjyoti Secondary School,,,KAVREPALANCHOK,NP0324,Janagal,Banepa,27.632549,85.499611,2009,,LGA,92,,,,,,,,,,,,,,7.0
Navin Basic Schoolecondary School,,,KAVREPALANCHOK,NP0324,Khanalthok,,27.522464,85.648816,2009,,LGA,96,,,,,,,,,,,,,,5.0
Navjyoti Ni.Ma. Bi.,,,LALITPUR,NP0325,Jharuwarasi,Godavari,27.607747,85.336458,2009,,LGA,86,,,,,,,,,,,,,,5.0
Siddheswor Ni. Ma.Bi.,,,LALITPUR,NP0325,Godawari,Godawari,27.603333,85.365556,2009,,LGA,124,,,,,,,,,,,,,,9.0
Sringeri Ni.Ma. Bi.,,,LALITPUR,NP0325,Sisneri,Mahalaxmi,27.623611,85.394444,2009,,LGA,92,,,,,,,,,,,,,,9.0
Devi Secondary School,,,MAKWANPUR,NP0331,Hetauda,Hetauda,27.4362,85.040633,2009,,LGA,140,,,,,,,,,,,,,,8.0
Dibya Jyoti Secondary School,,,MAKWANPUR,NP0331,Hatiya,Hetauda,27.6675,85.151111,2009,,LGA,91,,,,,,,,,,,,,,7.0
Laxmi Secondary School,,,MAKWANPUR,NP0331,Hetauda,Hetauda,27.435167,85.051361,2009,,LGA,134,,,,,,,,,,,,,,8.0
Manakamana Secondary School,,,MAKWANPUR,NP0331,Gadhi,Makwanpur Gadhi,27.424747,85.142442,2009,,LGA,142,,,,,,,,,,,,,,8.0
Raj Devi Secondary School,,,MAKWANPUR,NP0331,Rajdevi,Hetauda,,,2009,,LGA,80,,,,,,,,,,,,,,9.0
Gyanodaya  Ma.Bi.,,,MUSTANG,NP0445,Lete,Thasang,28.603886,83.601963,2009,,LGA,68,,,,,,,,,,,,,,7.0
Jana Adarasha Ma.Bi.,,,MUSTANG,NP0445,Kobang,Thasang,28.689911,83.616835,2009,,LGA,56,,,,,,,,,,,,,,8.0
Janabal Ma.Bi.,,,MUSTANG,NP0445,Marpha,Gharapjhong,28.749833,83.685782,2009,,LGA,60,,,,,,,,,,,,,,7.0
Janahit Ma.Bi.,,,MUSTANG,NP0445,Jomsom,Gharapjhong,28.783566,83.738171,2009,,LGA,78,,,,,,,,,,,,,,7.0
Janashanti Ma. Bi.,,,MUSTANG,NP0445,Kagbeni,Barhagaun Muktichetra,28.869483,83.571527,2009,,LGA,35,,,,,,,,,,,,,,5.0
Jankalyan Ni.Ma.Bi.,,,MUSTANG,NP0445,Tsyang,Gharapjhong,28.775164,83.707151,2009,,LGA,64,,,,,,,,,,,,,,7.0
Yogendra Ma.Bi.,,,MUSTANG,NP0445,Tukuche,Gharapjhong,28.710482,83.644291,2009,,LGA,92,,,,,,,,,,,,,,7.0
Saraswati Basic School,,,DADELDHURA,NP0773,Kaipalmandu,Ganyapdhura,29.267722,80.728889,2011,,WFP,85,,,,,,,,,,,,,,4.0
Selaling Basic School,,,DADELDHURA,NP0773,Budum,,29.135472,80.447306,2011,,WFP,99,,,,,,,,,,,,,,4.0
Saraswati HSecondary School,,,DHANUSA,NP0217,Janakpurdham,Janakpur Dham,26.728617,85.934822,2011,,NLF,N/A,,,,,,,,,,,,,,7.0
Durga Basic School,,,DOTI,NP0770,Bel,Badikedar,29.315556,80.929667,2011,,WFP,80,,,,,,,,,,,,,,3.0
Mahadev Basic School,,,DOTI,NP0770,Durkala,Sayal,29.330639,80.902944,2011,,WFP,85,,,,,,,,,,,,,,4.0
Saraswati Basic School,,,DOTI,NP0770,Chasi,K. I. Singh,29.308417,80.940583,2011,,WFP,126,,,,,,,,,,,,,,3.0
Zeke O' Connor School,,,SOLUKHUMBU,NP0111,Phaplu,Solududhkunda,27.527894,86.588111,2011,,HHESS,105,,,,,,,,,,,,,,11.0
Siddha Beni LSecondary School,,,TANAHU,NP0440,Belbas,Bandipur,27.94573,84.235049,2011,,Aleven B V + MMvM,50,,,,,,,,,,,,,,13.0
Ganesh Secondary School,,,BAGLUNG,NP0443,Narayansthan,Baglung,28.332222,83.588611,2012,,FLC,45,,,,,,,,,,,,,,6.0
Janata Secondary School,,,BAGLUNG,NP0443,Rangkhani,Jaimini,28.149444,83.789167,2012,,FLC,50,,,,,,,,,,,,,,6.0
Mahendra Secondary School,,,BAGLUNG,NP0443,Narethati,Galkot,28.195278,83.634722,2012,,FLC,45,,,,,,,,,,,,,,6.0
Prithivi HSecondary School,,,BAGLUNG,NP0443,Amalchaur,Baglung,28.195578,83.634753,2012,,FLC,40,,,,,,,,,,,,,,6.0
Rudrepipal Secondary School,,,BAGLUNG,NP0443,Baglung,Baglung,28.253889,83.603056,2012,,FLC,45,,,,,,,,,,,,,,12.0
Trivuwan Secondary School,,,BAGLUNG,NP0443,Kharbang,Wadigaad,28.189019,83.274243,2012,,FLC,50,,,,,,,,,,,,,,6.0
Gyanodaya HSecondary School,,,BANKE,NP0557,Khajura,Khajura,28.122374,81.573618,2012,,FLC,50,,,,,,,,,,,,,,9.0
Janashakti LSecondary School,,,BANKE,NP0557,Balapur,Raptisonari,28.14295,81.801549,2012,,FLC,40,,,,,,,,,,,,,,7.0
Nepal Rastriya LSecondary School,,,BANKE,NP0557,Gharbari Tol,Nepalgunj,28.064396,81.624815,2012,,FLC,40,,,,,,,,,,,,,,6.0
Shahid Smarak HSecondary School,,,BANKE,NP0557,Kumdi,Duduwa,28.071831,81.706717,2012,,FLC,50,,,,,,,,,,,,,,8.0
Sister Home EBasic School,,,DANG,NP0556,Kachila,Tulsipur,27.98902,82.435956,2012,,SHEBS,20,,,,,,,,,,,,,,10.0
Mastamandu HSecondary School,,,DOTI,NP0770,Pokhari,Purbichauki,29.2207,81.083504,2012,,GNN,50,,,,,,,,,,,,,,12.0
Masteshwor Basic School,,,DOTI,NP0770,Ladagada,Dipayal Silgadhi,29.227341,81.026186,2012,,GNN,20,,,,,,,,,,,,,,4.0
Sunadevi HSecondary School,,,DOTI,NP0770,Ladagada,Dipayal Silgadhi,29.226742,81.025843,2012,,GNN,55,,,,,,,,,,,,,,4.0
Chandi Devi Basic School,,,LALITPUR,NP0325,Dukuchap,Karyabinayak,27.592232,85.284088,2012,,Air Asia X,30,,,,,,,,,,,,,,8.0
Shantipriya Basic School,,,RUPANDEHI,NP0548,Singaha,Kothimai,27.632222,83.58139,2012,,Skoliev i Nepal,20,,,,,,,,,,,,,,6.0
Dudhkunda Himalaya Secondary School,,,SOLUKHUMBU,NP0111,Phaplu,Solududhkunda,27.513944,86.586556,2012,,FLC,25,,,,,,,,,,,,,,6.0
Garma Secondary School,,,SOLUKHUMBU,NP0111,Garma,Solududhkunda,27.458028,86.572667,2012,,FLC,30,,,,,,,,,,,,,,6.0
Jana Jagriti Secondary School,,,SOLUKHUMBU,NP0111,Salleri,Solududhkunda,27.502083,86.572667,2012,,FLC,45,,,,,,,,,,,,,,6.0
Pike HSecondary School,,,SOLUKHUMBU,NP0111,Loding,Solududhkunda,27.540258,86.520083,2012,,FLC,30,,,,,,,,,,,,,,6.0
Swarnim Basic School,,,SOLUKHUMBU,NP0111,Thateng,Solududhkunda,,,2012,,FLC,15,,,,,,,,,,,,,,2.0
Ranabir Janahit HSecondary School,,,SYANGJA,NP0441,Khahare,Waling,27.993889,83.789167,2012,,Self + NIBL,25,,,,,,,,,,,,,,15.0
Hanuman Basic School,,,DOTI,NP0770,Pokhari,Purbichauki,29.220101,81.082989,2013,,GNN,35,,,,,,,,,,,,,,8.0
Aishwarya Basic School,,,BAJHANG,NP0767,Moyal/ Parakatne,Thalara,29.552222,80.859722,2014,,WFP,17,,,,,,,,,,,,,,6.0
Bhairav Basic School,,,BAJHANG,NP0767,Damaune/ Khiratadi,Bungal,29.552222,80.859722,2014,,WFP,17,,,,,,,,,,,,,,6.0
Bhumiraj Basic School,,,BAJHANG,NP0767,Suwakot/ Sunkuda,BIthadchir,29.508691,80.840262,2014,,WFP,35,,,,,,,,,,,,,,5.0
Bhumiraj Basic School,,,BAJHANG,NP0767,Udi/ Sunkuda,BIthadchir,29.493928,80.869191,2014,,WFP,22,,,,,,,,,,,,,,6.0
Deepjyoti Basic School,,,BAJHANG,NP0767,Komalpur/ Deulikot,Bungal,29.565833,80.787778,2014,,WFP,19,,,,,,,,,,,,,,5.0
Kalika Bhagwati Basic School,,,BAJHANG,NP0767,Malla Bhatada/ Deulekh,Bithadchir,29.659722,80.818333,2014,,WFP,30,,,,,,,,,,,,,,6.0
Manakamana,,,BAJHANG,NP0767,Malla Gaun/ Syadi,Bithadchir,29.54,80.788333,2014,,WFP,29,,,,,,,,,,,,,,5.0
Shiv Bhawani Basic School,,,BAJHANG,NP0767,Talla Bhatada/ Deulekh,Bithadchir,29.653333,80.813333,2014,,WFP,29,,,,,,,,,,,,,,6.0
Sidhiganesh Basic School,,,BAJHANG,NP0767,Bakhet/ Banjh,Kedarsyun,29.510833,80.890556,2014,,WFP,20,,,,,,,,,,,,,,5.0
Tyadi Basic School,,,BAJHANG,NP0767,Koldhunga/ Bhairabnath,Kedarsyun,29.472778,80.985278,2014,,WFP,37,,,,,,,,,,,,,,6.0
Janajyoti LSecondary School,,,SINDHUPALCHOK,NP0323,Sanga Chok, Narsary,Chautara Sangachokgadhi,27.679117,85.709343,2014,,First step Nepal,10,,,,,,,,,,,,,,3.0
Golmadevi Secondary School,,,SINDHUPALCHOK,NP0323,Jitpur,,27.667444,85.628556,2014,,First step Nepal,10,,,,,,,,,,,,,,2.0
Crystal Mountain School,,,DOLPA,NP0662,,,,,2014,,,,,,,,,,,,,,,,,
Arun Jyoti Basic School,,,KASKI,NP0439,Begnas, Pokhara,Lekhnath,28.166781,84.117248,2014,,,10,,,,,,,,,,,,,,5.0
Shree Bhawani Basic School,,,BAJHANG,NP0767,Luyata-3, Gadkhet,,29.530535,81.190293,2015,,WFP,27,,,,,,,,,,,,,,6.0
Shree Jana Jagriti Basic School,,,BAJHANG,NP0767,Kailash-8, Bhandar,Jayaprithivi,29.541523,81.222252,2015,,WFP,10,,,,,,,,,,,,,,5.0
Shree Bal Bikash Basic School,,,BAJHANG,NP0767,Masta-1, Khetkot,Masta,29.548352,81.259573,2015,,WFP,19,,,,,,,,,,,,,,4.0
Shree Durga Devi Basic School,,,BAJHANG,NP0767,Kotdewol-4, Galechaur,Masta,29.53526,81.246134,2015,,WFP,19,,,,,,,,,,,,,,5.0
Shree Kedar Namuna Basic School,,,BAJHANG,NP0767,Syadi-6, Khulmor,Bithadchir,,,2015,,WFP,21,,,,,,,,,,,,,,4.0
Shree Chirasaini Basic School,,,BAJHANG,NP0767,Deulekh-8, Mantola,Bithadchir,29.522539,80.833455,2015,,WFP,19,,,,,,,,,,,,,,4.0
Shree Masta Basic School,,,BAJHANG,NP0767,Sunkuda-5, Padpakha,BIthadchir,29.513258,80.857718,2015,,WFP,26,,,,,,,,,,,,,,4.0
Shree Kalika Basic School,,,BAJHANG,NP0767,Sunkuda-2, Govinddhar,BIthadchir,29.50137,80.865148,2015,,WFP,42,,,,,,,,,,,,,,6.0
Shree Bawaneshwori Basic School,,,BAJHANG,NP0767,Khiratadi-5, Middi,Bungal,29.581465,80.873642,2015,,WFP,17,,,,,,,,,,,,,,5.0
Shree Nava Ratna Basic School,,,BAJHANG,NP0767,Parakatne-1, Kuchh,Thalara,29.47807,81.01152,2015,,WFP,32,,,,,,,,,,,,,,6.0
Shree Janachetna Basic School,,,BAJHANG,NP0767,Baajh-9, Singechula,Kedarsyun,29.545516,80.914569,2015,,WFP,12,,,,,,,,,,,,,,5.0
Shree Saraswati Basic School,,,BAJHANG,NP0767,Bhamchaur-4, Binada,Kedarsyun,29.545516,80.914569,2015,,WFP,23,,,,,,,,,,,,,,5.0
Shree Janachetna Basic School,,,BAJHANG,NP0767,Rayal-2, Deura,Kedarsyun,29.532676,80.898442,2015,,WFP,40,,,,,,,,,,,,,,5.0
Diwalo Pariwar (Kheldai Sikne Kendra),,,CHITAWAN,NP0335,Narayangadh,Bharatpur,27.703943,84.431369,2015,,Samunnat Nepal,4,,,,,,,,,,,,,,5.0
Samudiyak Sewa Kendra (Kheldai Sikne Kendra),,,CHITAWAN,NP0335,Tandi,Ratnanagar,27.621954,84.515847,2015,,Samunnat Nepal,4,,,,,,,,,,,,,,4.0
Mahila Sahajkarta Manch (Kheldai Sikne Kendra),,,BANKE,NP0557,Nepalgunj,Nepalgunj,28.056302,81.610219,2015,,Samunnat Nepal,4,,,,,,,,,,,,,,4.0
Banke UNESCO,,,BANKE,NP0557,Nepalgunj,Nepalgunj,,,2015,,Samunnat Nepal,4,,,,,,,,,,,,,,4.0
Pangboche Basic School,,,SOLUKHUMBU,NP0111,Pangboche,Khumbu Pasang Lahmu,27.85745,86.790062,2015,,Nepal Youth Foundation,12,,,,,,,,,,,,,,4.0
Nava Yug Basic School,,,BAJHANG,NP0767,Kafalseri,Bungal,29.64336,80.8104,2015,,WFP + Fundraising,27,,,,,,,,,,,,,,4.0
Latinath Basic School,,,BAJHANG,NP0767,Kafalseri,Bungal,29.65207,80.81936,2015,,WFP + Fundraising,22,,,,,,,,,,,,,,6.0
Dandabagh Basic School,,,BAJHANG,NP0767,Pipalkot,Bungal,29.62055,80.84315,2015,,WFP + Fundraising,27,,,,,,,,,,,,,,4.0
Jana Jagriti Basic School,,,BAJHANG,NP0767,Pipalkot,Bungal,29.61125,80.85211,2015,,WFP + Fundraising,18,,,,,,,,,,,,,,3.0
Dhaulapur Basic School,,,BAJHANG,NP0767,Deulikot,Bungal,29.62767,80.81643,2015,,WFP + Fundraising,29,,,,,,,,,,,,,,5.0
Kalika Bhairav Basic School,,,BAJHANG,NP0767,Dangaji,Thalara,29.453625,80.921654,2015,,WFP + Fundraising,26,,,,,,,,,,,,,,5.0
Janata Basic School,,,BAJHANG,NP0767,Dangaji,Thalara,29.430025,80.949948,2015,,WFP + Fundraising,22,,,,,,,,,,,,,,5.0
Amrit Basic School,,,BAJHANG,NP0767,Rayal,Kedarsyun,29.48916,80.90807,2015,,WFP + Fundraising,14,,,,,,,,,,,,,,4.0
Kalika Basic School,,,BAJHANG,NP0767,Bhatekhola,Masta,29.588907,81.24391,2015,,WFP + Fundraising,25,,,,,,,,,,,,,,4.0
Yuwa Barsa Basic School,,,BAJHANG,NP0767,Bhatekhola,Masta,29.557536,81.253813,2015,,WFP + Fundraising,11,,,,,,,,,,,,,,5.0
Aadarsa Basic School,,,BAJHANG,NP0767,---- Municipality,,29.532441,81.18396,2015,,WFP + Fundraising,12,,,,,,,,,,,,,,5.0
Jana Jagriti Basic School,,,BAJHANG,NP0767,Baajh,Kedarsyun,29.532578,80.898474,2015,,WFP + Fundraising,16,,,,,,,,,,,,,,5.0
Bhuwaneshori Basic School,,,BAJHANG,NP0767,Baajh,Kedarsyun,29.505493,80.904801,2015,,WFP + Fundraising,26,,,,,,,,,,,,,,4.0
Mahadev Basic School,,,BAJHANG,NP0767,Sunkuda,BIthadchir,29.49295,80.85997,2015,,WFP + Fundraising,38,,,,,,,,,,,,,,5.0
Sarada Basic School,,,BAJHANG,NP0767,Khiratadi,Bungal,29.581443,80.873634,2015,,WFP + Fundraising,20,,,,,,,,,,,,,,4.0
Bhagawati Basic School,,,BAJHANG,NP0767,Daatola,Talakot,29.6018,81.3276,2015,,WFP + Fundraising,11,,,,,,,,,,,,,,5.0
Khaperdev Basic School,,,BAJHANG,NP0767,Daatola,Talakot,29.59669,81.32648,2015,,WFP + Fundraising,13,,,,,,,,,,,,,,4.0
Kalika Basic School,,,BAJHANG,NP0767,Melbesauna,Talakot,29.602337,81.307278,2015,,WFP + Fundraising,17,,,,,,,,,,,,,,5.0
Baathpala Basic School,,,BAJHANG,NP0767,Melbesauna,Talakot,29.607213,81.318106,2015,,WFP + Fundraising,12,,,,,,,,,,,,,,4.0
Bhawani Basic School,,,BAJHANG,NP0767,Melbesauna,Talakot,29.605462,81.293371,2015,,WFP + Fundraising,12,,,,,,,,,,,,,,5.0
Rastriya Basic School,,,CHITAWAN,NP0335,Korak,Rapti,27.659995,84.668094,2015,,WFP + Fundraising,25,,,,,,,,,,,,,,5.0
Janachetana Basic School,,,BAITADI,NP0774,Melauli-7, Gangapur,Melaulli,29.422499,80.422284,2016,,WFP + Fundraising,28,,,,,,,,,,,,,,4.0
Singapur Basic School,,,BAITADI,NP0774,Melauli-4, Sungada,Melauli,29.418072,80.430843,2016,,WFP + Fundraising,22,,,,,,,,,,,,,,4.0
Netra Jyoti Basic School,,,BAITADI,NP0774,Melauli-2 Sitapur,Melauli,29.403067,80.405828,2016,,WFP + Fundraising,18,,,,,,,,,,,,,,4.0
Bhuwaneshwor Basic School,,,BAITADI,NP0774,Patan-2,  Ladauli,Patan,,,2016,,WFP + Fundraising,12,,,,,,,,,,,,,,4.0
Chandanpur Basic School,,,BAITADI,NP0774,Maharudra-8, Gajari,Melauli,,,2016,,WFP + Fundraising,21,,,,,,,,,,,,,,4.0
Laxmipur Basic School,,,BAITADI,NP0774,Shivanath-8, Puchkora,Melauli,29.430553,80.411625,2016,,WFP + Fundraising,21,,,,,,,,,,,,,,4.0
Saraswati Basic School,,,BAITADI,NP0774,Maharudra-9, Pokhari,Melauli,29.430004,80.405598,2016,,WFP + Fundraising,27,,,,,,,,,,,,,,5.0
Nagarchan Basic School,,,BAITADI,NP0774,Mahakali-4 Bajuwagada,Shivanath,,,2016,,WFP + Fundraising,20,,,,,,,,,,,,,,5.0
Latinath Basic School,,,BAITADI,NP0774,Kuwakot-2, Salleligaun,Dasharatchand,,,2016,,WFP + Fundraising,23,,,,,,,,,,,,,,5.0
Nanigad Basic School,,,BAITADI,NP0774,Nagarjun-9, Nanigad,Dasharatchand,29.503838,80.395238,2016,,WFP + Fundraising,36,,,,,,,,,,,,,,4.0
Chamalpur Basic School,,,BAITADI,NP0774,Giregada-8, Balara,Pancheshwor,,,2016,,WFP + Fundraising,14,,,,,,,,,,,,,,5.0
Chaturbhuj Ps,,,BAITADI,NP0774,Kaipal-6, Dankhola,Patan,,,2016,,WFP + Fundraising,9,,,,,,,,,,,,,,5.0
Beureshwor Basic School,,,BAITADI,NP0774,Bhumiraj-9, Rapana,Purchaudi,,,2016,,WFP + Fundraising,38,,,,,,,,,,,,,,4.0
Ganai Raj Basic School,,,BAITADI,NP0774,Deulekh-3, Chauk,Dogadakedar,,,2016,,WFP + Fundraising,11,,,,,,,,,,,,,,4.0
Gopanchal Ps,,,BAITADI,NP0774,Melauli-8, Jhusil,Melauli,,,2016,,WFP + Fundraising,12,,,,,,,,,,,,,,3.0
Sautimandu Basic School,,,DOTI,NP0770,Chabarachautra -7, Sukati,Bogatan Gaunpalika 7, Sukati,,,2017,,WFP + Fundraising,21,,,,,,,,,,,,,,4.0
Gurudev Basic School,,,DOTI,NP0770,Chabarachautra -2, Damuli,Bogatan-7, Damauli,,,2017,,WFP + Fundraising,24,,,,,,,,,,,,,,4.0
Nawaduraga Basic School,,,DOTI,NP0770,Sathfari - 5, Dauda,Bogatan -4 Dauda,,,2017,,WFP + Fundraising,19,,,,,,,,,,,,,,5.0
Betaleshowar Basic School,,,DOTI,NP0770,Sathfari - 2, Jajala,Bogatan-4, Jajala,,,2017,,WFP + Fundraising,17,,,,,,,,,,,,,,5.0
Mahunyaal Basic School,,,DOTI,NP0770,Dhirkamandu -7, Dumri,Bogatan-5, Dumari,,,2017,,WFP + Fundraising,19,,,,,,,,,,,,,,4.0
Sitaram Basic School,,,DOTI,NP0770,Basudevi-3, Dalla,KI Singh-3, Dalla,29.190305,80.999688,2017,,WFP + Fundraising,19,,,,,,,,,,,,,,5.0
Gangardev Basic School,,,DOTI,NP0770,Basudevi-2, Basarkot,KI Singh-3, Basarkot,29.192086,81.001331,2017,,WFP + Fundraising,35,,,,,,,,,,,,,,6.0
Krishananagar Basic School,,,DOTI,NP0770,Barpata -3, Barpata,Shikhar nagarpalika-11, Barpata,29.303989,80.807622,2017,,WFP + Fundraising,15,,,,,,,,,,,,,,5.0
Akhandajyoti Basic School,,,DOTI,NP0770,Barpata-5  Amdora,Shikhar nagarpalika-11, Amdora,29.307644,80.823407,2017,,WFP + Fundraising,14,,,,,,,,,,,,,,4.0
Saddikashaya Basic School,,,DOTI,NP0770,Barpata-8, Kimadi,Shikharnagarlika -11, Kimadi,,,2017,,WFP + Fundraising,12,,,,,,,,,,,,,,5.0
Kalika Basic School,,,DOTI,NP0770,Khatiwoda - 6, Khulek,Dipayal,Silgadhi nagarpalika --2, Khulek,29.284859,80.943944,2017,,WFP + Fundraising,23,,,,,,,,,,,,,,4.0
Kaladunga Basic School,,,DOTI,NP0770,Daud 1, Basai,Basai,Sayal gaupalika -2,,29.357596,80.997175,2017,,WFP + Fundraising,33,,,,,,,,,,,,,,5.0
Bhawani Aquire Basic School,,,DOTI,NP0770,Toleni -7, Panikhal,Panikhal-3, Sayal gaupalika,29.390374,80.99651,2017,,WFP + Fundraising,24,,,,,,,,,,,,,,5.0
Deiukhola Basic School,,,DOTI,NP0770,Khatiwoda - 3, Biralkada,Biralkanda-6, Sayal gaupalika,,,2017,,WFP + Fundraising,30,,,,,,,,,,,,,,4.0
Bhairab Basic School,,,DOTI,NP0770,Lamikhal -4 Vadisen,Adarsha Gaupalika-5, Vadisen,29.33941,80.829978,2017,,WFP + Fundraising,31,,,,,,,,,,,,,,6.0
Shree Olang Basic School,,,GORKHA,NP0436,Olang , Kharibot,Ajirkot Gaupalika,28.225611,84.637809,2017,,AirAsia Foundation,,,,,,,,,,,,,,,
Shree Boudh Himali Basic School,,,GORKHA,NP0436,Khimpu, Kharibot,Ajirkot Gaupalika,28.216717,84.647058,2017,,AirAsia Foundation,,,,,,,,,,,,,,,
Shree Kalika Basic School,,,GORKHA,NP0436,Simjung,Ajirkot Gaupalika,28.167014,84.688745,2017,,AirAsia Foundation,,,,,,,,,,,,,,,
Shree Shital Danda Basic School,,,GORKHA,NP0436,Tutuwan, Hansapur,Ajirkot Gaupalika,28.157772,84.619397,2017,,AirAsia Foundation,,,,,,,,,,,,,,,
Himalya Basic School,,,DARCHULA,NP0775,Marma- 4, Tham,Marma- 4, Tham,29.75799,80.7728,2018,,WFP + Fundraising,17,,,,,,,,,,,,,,5.0
Durgeshwori Basic School,,,DARCHULA,NP0775,Marma-5, Baraun,Marma-5, Baraun,29.75048,80.76484,2018,,WFP + Fundraising,14,,,,,,,,,,,,,,4.0
Hatinath Basic School,,,DARCHULA,NP0775,Marma-4, Marmati,Marma-4, Marmati,29.73942,80.75424,2018,,WFP + Fundraising,17,,,,,,,,,,,,,,4.0
Yuba barsha Basic School,,,DARCHULA,NP0775,Marma-3, Sarsi,Marma-3, Sarsi,29.72794,80.75969,2018,,WFP + Fundraising,14,,,,,,,,,,,,,,5.0
Bisheshwor Basic School,,,DARCHULA,NP0775,Marma-3, Sallethum,Marma-3, Sallethum,29.73168,80.74522,2018,,WFP + Fundraising,15,,,,,,,,,,,,,,4.0
Dada Bagh Basic School,,,DARCHULA,NP0775,Marma-1, Padi Ething,Marma-1, Padi Ething,29.75416,80.84306,2018,,WFP + Fundraising,14,,,,,,,,,,,,,,4.0
Durgeshwori Basic School,,,DARCHULA,NP0775,Marma-2, Thulthala,Marma-2, Thulthala,29.74028,80.80193,2018,,WFP + Fundraising,19,,,,,,,,,,,,,,4.0
Dhruba tara Janahit Basic School,,,DARCHULA,NP0775,Marma-6, Maure,Marma-6, Maure,29.72859,80.69435,2018,,WFP + Fundraising,12,,,,,,,,,,,,,,4.0
Shailya Basic School,,,DARCHULA,NP0775,Shailyashikhar-6, Ullani,Shailyashikhar-6, Ullani,29.72751,80.50054,2018,,WFP + Fundraising,18,,,,,,,,,,,,,,5.0
Sharadha Basic School,,,DARCHULA,NP0775,Malikarjun-8, Damalek,Malikarjun-8, Damalek,29.74167,80.4075,2018,,WFP + Fundraising,13,,,,,,,,,,,,,,4.0
Balichan Basic School,,,DARCHULA,NP0775,Malikarjun-5, Maltadi,Malikarjun-5, Maltadi,29.70444,80.41611,2018,,WFP + Fundraising,16,,,,,,,,,,,,,,4.0
Bhagwati Basic School,,,DARCHULA,NP0775,Duhu-4, Pokshe,Duhu-4, Pokshe,29.88444,80.59611,2018,,WFP + Fundraising,22,,,,,,,,,,,,,,5.0
Durga Bhawani Basic School,,,DARCHULA,NP0775,Naugad-4, Danda,Naugad-4, Danda,,,2018,,WFP + Fundraising,15,,,,,,,,,,,,,,5.0
Durga Bhawani Basic School,,,DARCHULA,NP0775,Naugad-3, Ghorkatya,Naugad-3, Ghorkatya,,,2018,,WFP + Fundraising,17,,,,,,,,,,,,,,4.0
Ganesh Basic School,,,DARCHULA,NP0775,Naugad-3, danda jamir,Naugad-3, danda jamir,,,2018,,WFP + Fundraising,12,,,,,,,,,,,,,,5.0
Sanskrit Secondary School,,,GORKHA,NP0436,Tandrang,Bhimshen Thapa-3,,,2018,,COTM,15,,,,,,,,,,,,,,5.0
Navajyoti School,,,GORKHA,NP0436,,,,,2018,,COTM,15,,,,,,,,,,,,,,5.0
Siddhakali School,,,GORKHA,NP0436,,,,,2018,,COTM,15,,,,,,,,,,,,,,5.0
Buddha Secondary School,,,GORKHA,NP0436,Philim,Chumnubri,,,2018,,Rotary,35,,,,,,,,,,,,,,15.0
Kalika Basic School,,,JAJARKOT,NP0660,,Nalgad-2, Gari,,,2019,,,,,,,,,,,,,,,,,
Bhanubhakta Basic School,,,JAJARKOT,NP0660,,Nalgad-4, Laha,,,2019,,,,,,,,,,,,,,,,,
Ganesh Basic School,,,JAJARKOT,NP0660,,Nalgad-5, Labisha,,,2019,,,,,,,,,,,,,,,,,
Tribhuvan Basic School,,,JAJARKOT,NP0660,,Nalgad-7, Dalli,,,2019,,,,,,,,,,,,,,,,,
Lekbashi Basic School,,,JAJARKOT,NP0660,,Nalgad-8, Manmai,,,2019,,,,,,,,,,,,,,,,,
Mahadev Basic School,,,JAJARKOT,NP0660,,Nalgad-9, Gharanga,,,2019,,,,,,,,,,,,,,,,,
Deurali Basic School,,,JAJARKOT,NP0660,,Kushe-4, Archhani,,,2019,,,,,,,,,,,,,,,,,
Himalaya Bhanubhakta Basic School,,,JAJARKOT,NP0660,,Kushe-4 Tangachaur,,,2019,,,,,,,,,,,,,,,,,
Kalika Basic School,,,JAJARKOT,NP0660,,Kushe-5, Jahargaun,,,2019,,,,,,,,,,,,,,,,,
Ramchandra Basic School,,,JAJARKOT,NP0660,,Kushe-5, Panchkattya,,,2019,,,,,,,,,,,,,,,,,
Putali Basic School,,,JAJARKOT,NP0660,,Kushe-6, Chharagaun,,,2019,,,,,,,,,,,,,,,,,
Malika Basic School,,,JAJARKOT,NP0660,,Kushe-8 Chera,,,2019,,,,,,,,,,,,,,,,,
Dullav Secondary School,,,GORKHA,NP0436,,Bhimsenthapa GP,,,2019,,COTM,24,,,,,,,,,,,,,,14.0
Chunadevi Secondary School,,,BHAKTAPUR,NP0326,,,,,2019,,Rotary Club of Silkeborg Denmark, Rotary club of Kathmandu,,,,,,,,,,,,,,,
Gyan Jyoti Secondary School,,,RUPANDEHI,NP0548,,Devdaha,,,2019,,Soiya Mahila Swabalambi Sastha
(SMSS)
,15,,,,,,,,,,,,,,
Laxmi Basic School,,,RUPANDEHI,NP0548,,Devdaha,,,2019,,Soiya Mahila Swabalambi Sastha
(SMSS)
,10,,,,,,,,,,,,,,
Bagh Bhairav Basic School
,,,GORKHA,NP0436,,,,,2019,,Rotary Club of Silkeborg Denmark, Rotary club of Kathmandu,,,,,,,,,,,,,,,
Sagun Primary School, (Gorkha)
,,,GORKHA,NP0436,,,,,2019,,Rotary Club of Silkeborg Denmark, Rotary club of Kathmandu,,,,,,,,,,,,,,,
